,digital_score,Name,ws_ranks
0,10.077801080396513,Apple,0.8543
1,0.03311277497844569,CVS Health,0.83
2,0.12885188524221255,Berkshire Hathaway,0.7067
4,0.017996073357850917,McKesson,0.7828
5,0.8638115211768441,Chevron,0.5848
6,0.0,AmerisourceBergen,0.687
7,0.020875445095107067,Cardinal Health,0.4829
8,0.4414796716147987,Cigna,0.7731
9,0.0352723037813878,Marathon Petroleum,0.7691
10,1.1517486949024587,Kroger,0.4829
11,4.822947659904046,Verizon Communications,0.8581
12,0.00036280083889427456,Walgreens Boots Alliance,0.5969
13,0.0885406809206265,Comcast,0.4829
14,4.678979073041239,AT&T,0.8407
15,2.0155602160793027,Bank of America,0.5772
16,0.0,Dell Technologies,0.7226
17,0.0059027120613751,Archer Daniels Midland,0.7599
18,0.8638115211768441,Citigroup,0.5686
19,0.38151675518643946,Pfizer,0.833
20,3.4552460847073765,Lowe's,0.773
21,0.7198429343140367,Johnson & Johnson,0.4829
22,2.2243146670303737,FedEx,0.7669
23,0.07702319397160193,Energy Transfer,0.4604
24,1.4828764446869156,State Farm Insurance,0.716
25,0.0,Freddie Mac,0.4829
26,0.2900967025285568,PepsiCo,0.6498
27,0.0,Walt Disney,0.6687
28,0.0,ConocoPhillips,0.6423
29,0.0,Procter & Gamble,0.5959
30,0.15476623087751787,General Electric,0.7034
31,0.49093288120217304,MetLife,0.8463
32,0.0,Boeing,0.5718
33,0.0005809132479914276,StoneX Group,0.4829
34,0.09285973852651074,Morgan Stanley,0.8247
35,3.3112774978445687,HP,0.582
36,2.0155602160793027,IBM,0.5302
37,0.40239220028154654,Prudential Financial,0.752
38,1.2957172817652662,Caterpillar,0.4829
39,0.028793717372561468,AbbVie,0.7688
40,0.0,American International Group,0.8663
41,2.0155602160793027,Publix Super Markets,0.7499
42,0.011517486949024588,Charter Communications,0.6112
43,0.21091397975401277,Tyson Foods,0.8612
44,2.375481683236321,Dollar General,0.7685
45,0.0215952880294211,Arrow Electronics,0.4829
46,0.005398822007355275,Occidental Petroleum,0.8522
47,0.07702319397160193,Northwestern Mutual,0.6524
48,0.0842216233147423,Travelers,0.686
49,0.20947429388538466,Northrop Grumman,0.7323
50,0.24042754006088826,Warner Bros. Discovery,0.8169
51,0.10149785373827917,D.R. Horton,0.7691
52,0.025194502700991286,Jabil,0.8423
53,0.003095324617550358,Cheniere Energy,0.4477
54,0.012237329883338624,Broadcom,0.7792
55,0.02807387443824743,Molina Healthcare,0.1
56,66.22554995689137,Netflix,0.7145
57,0.02591434563530532,NRG Energy,0.7731
58,0.007918272277454404,Danaher,0.8284
59,0.0,Salesforce,0.7602
60,0.19867664987067413,Paramount Global,0.8337
61,0.40527157201880265,CBRE Group,0.7689
62,0.0,Southern,0.753
63,0.00215952880294211,Paccar,0.5709
64,0.20875445095107065,Duke Energy,0.4829
65,0.0,Hewlett Packard Enterprise,0.4829
66,0.1000581678696511,Penske Automotive Group,0.7675
67,0.0,Nvidia,0.5824
68,0.004175089019021413,Kraft Heinz,0.7361
69,0.00863811521176844,Applied Materials,0.7215
70,0.570115603976717,Rite Aid,0.7643
71,0.005470806300786679,Pioneer Natural Resources,0.7272
72,0.0,Southwest Airlines,0.7802
73,0.0,Advanced Micro Devices,0.4829
74,59.02712061375101,McDonald's,0.8387
75,0.0038871518452957983,Cleveland-Cliffs,0.8345
76,0.035992146715701834,Builders FirstSource,0.8328
77,0.10293753960690726,Hartford Financial Services Group,0.4829
78,0.1993964928049882,Charles Schwab,0.7705
79,0.01079764401471055,Bank of New York Mellon,0.5534
81,0.01079764401471055,Kinder Morgan,0.5152
82,0.0,Tenet Healthcare,0.6435
83,0.002231513096373514,Global Partners,0.8503
84,0.0,Western Digital,0.5781
85,1.5836544554908807,Ross Stores,0.806
86,7.918272277454403,Kohl's,0.7402
87,0.060394822188947685,Stanley Black & Decker,0.4829
88,0.05643568605022048,BlackRock,0.7557
89,0.017996073357850917,Fiserv,0.7683
90,1.2957172817652662,Adobe,0.4829
91,0.0,Block,0.7231
92,0.0038871518452957983,Lumen Technologies,0.5773
93,0.0,Corteva,0.6887
94,0.048229476599040456,L3Harris Technologies,0.5973
95,0.0006795317299924506,Reliance Steel & Aluminum,0.5902
96,2.922562313314989,DISH Network,0.4829
97,0.10221769667259323,DuPont,0.7914
98,0.0031673089109817616,Group 1 Automotive,0.5833
99,0.097898639066709,DXC Technology,0.621
100,0.016556387489222845,Parker-Hannifin,0.4829
101,0.05614774887649486,BorgWarner,0.5829
102,0.0,Kellogg,0.4829
103,0.0,Discover Financial Services,0.8329
104,0.028793717372561468,Baxter International,0.6775
105,0.002807387443824743,Southwestern Energy,0.5387
106,0.19435759226478994,American Family Insurance Group,0.7647
107,0.03786373834491834,Entergy,0.6715
108,0.014540827273143542,State Street,0.472
109,0.020875445095107067,Otis Worldwide,0.586
110,0.2015560216079303,Carvana,0.7646
111,0.06003490072179066,Republic Services,0.776
112,0.0025194502700991287,Universal Health Services,0.7689
113,0.010581691134416338,Western & Southern Financial Group,0.5773
114,3.887151845295798e-05,Casey's General Stores,0.7645
115,0.0020875445095107064,Crown Holdings,0.7161
116,0.015692575968046,LKQ,0.8256
117,0.018643931998733553,Henry Schein,0.8381
118,0.21307350855695487,Hormel Foods,0.6989
119,0.01079764401471055,International Flavors & Fragrances,0.5989
120,0.07011270180218718,Jones Financial (Edward Jones),0.4504
121,3.8871518452957985,Dick's Sporting Goods,0.7706
122,0.0176361518906939,Eversource Energy,0.4771
123,0.0059027120613751,Community Health Systems,0.4829
124,0.013677015751966698,Regeneron Pharmaceuticals,0.6348
125,0.007918272277454404,FirstEnergy,0.577
126,0.09933832493533706,Analog Devices,0.6631
127,0.02447465976667725,Ryder System,0.7682
128,0.09429942439513882,Mohawk Industries,0.6492
129,0.03793572263834973,Expedia Group,0.767
130,0.0863811521176844,United Rentals,0.7685
131,0.0,Apollo Global Management,0.7265
132,0.019219806346184778,Hess,0.7096
133,0.0002296298960461777,Fidelity National Financial,0.4829
134,0.10725659721279146,Conagra Brands,0.8523
135,0.013964952925692312,Raymond James Financial,0.5772
136,0.016556387489222845,Seaboard,0.4936
137,0.03959136138727202,S&P Global,0.7552
138,0.00012381298470201432,EMCOR Group,0.4648
139,0.02807387443824743,TravelCenters of America,0.5853
140,0.009645895319808091,Eastman Chemical,0.7706
141,0.007918272277454404,Graybar Electric,0.1
142,6.680142430434261,Hershey,0.7706
143,0.0,Intercontinental Exchange,0.7354
144,0.04081509437560588,Yum China Holdings,0.4829
145,0.0006305824104590962,EnLink Midstream,0.6244
146,0.0,Newell Brands,0.7358
147,0.0,Olin,0.4972
148,0.017996073357850917,CommScope Holding,0.5776
149,0.003095324617550358,KLA,0.5971
150,0.06334617821963523,Motorola Solutions,0.5782
151,0.0,Coterra Energy,0.5698
152,0.41031047255900094,Avery Dennison,0.5841
153,0.006838507875983349,GXO Logistics,0.5905
154,0.1432487439284933,Polaris,0.5772
155,0.006982476462846156,Commercial Metals,0.5778
156,0.009357958146082477,Autoliv,0.7811
157,0.0,Constellation Brands,0.7918
158,1.2957172817652662,Hilton Worldwide Holdings,0.4829
159,0.0,Masco,0.7077
160,0.06766523582551945,M&T Bank,0.6888
161,0.01511670162059477,LPL Financial Holdings,0.6384
162,1.1517486949024587,Campbell Soup,0.814
163,0.004175089019021413,Arthur J. Gallagher,0.7997
164,0.7198429343140367,ODP,0.4829
165,0.01079764401471055,Brighthouse Financial,0.7769
166,0.001079764401471055,Beacon Roofing Supply,0.7895
167,0.005398822007355275,Boise Cascade,0.7124
168,0.00431905760588422,Westinghouse Air Brake Technologies,0.8036
169,0.020875445095107067,ON Semiconductor,0.6302
170,0.010077801080396515,Oshkosh,0.4778
171,0.05038900540198257,Franklin Resources,0.744
172,0.2577037704844251,Taylor Morrison Home,0.7364
173,1.1517486949024587e-05,A-Mark Precious Metals,0.4829
174,0.00863811521176844,J.M. Smucker,0.5421
175,0.0,NGL Energy Partners,0.4829
177,0.012237329883338624,PPL,0.7621
178,2.1883225203146717,Bed Bath & Beyond,0.7373
179,0.02591434563530532,Cintas,0.6399
180,0.014396858686280734,Science Applications International,0.5895
181,0.06262633528532119,Rush Enterprises,0.7689
182,0.025554424168148307,Zimmer Biomet Holdings,0.749
183,0.0018715916292164957,American Financial Group,0.4829
184,0.09285973852651074,KB Home,0.5772
185,0.18787900585596357,O-I Glass,0.6622
186,0.24330691179814443,Microchip Technology,0.7704
187,0.0012237329883338624,Brunswick,0.756
188,0.0,Chemours,0.5879
189,0.0002994546606746393,RPM International,0.5766
190,0.0011517486949024589,Core & Main,0.7692
191,0.00820620945118002,Schneider National,0.7634
192,0.03311277497844569,KBR,0.5726
193,0.0027354031503933397,Cornerstone Building Brands,0.8064
194,0.0019435759226478992,Silgan Holdings,0.7671
195,1.0797644014710552,Sprouts Farmers Market,0.6136
196,0.026634188569619358,PENN Entertainment,0.5817
197,2.5194502700991284,Academy Sports and Outdoors,0.6359
198,0.0006118664941669312,Post Holdings,0.7171
199,0.0,Bright Health Group,0.7593
200,0.0025914345635305322,Greif,0.5982
201,0.008854068092062652,Ryerson Holding,0.5968
202,6.67294400109112,Ralph Lauren,0.5774
203,0.007198429343140367,CACI International,0.8472
205,0.0023034973898049178,Ametek,0.7816
206,0.0016556387489222845,Rocket Companies,0.5765
207,0.0004189485877707694,Crestwood Equity Partners,0.7662
208,0.007198429343140367,Prologis,0.5895
209,0.01079764401471055,Insperity,0.5906
210,0.0034552460847073765,Marvell Technology,0.6408
211,0.01079764401471055,Skyworks Solutions,0.5774
212,0.0,Roper Technologies,0.7732
213,0.015836544554908807,Hanover Insurance Group,0.8223
214,2.533847128785409,Big Lots,0.7135
215,0.002447465976667725,Moody's,0.7618
216,0.5420417295384696,Mattel,0.4278
217,0.137490000453981,Keysight Technologies,0.5848
218,0.0,Telephone & Data Systems,0.4829
219,0.0038871518452957983,Hub Group,0.7573
220,0.006406602115394926,ArcBest,0.5776
221,0.0027354031503933397,IAC,0.7539
222,0.041822874483645536,Globe Life,0.5772
223,0.0020875445095107064,Nexstar Media Group,0.852
224,0.002231513096373514,Leggett & Platt,0.5584
225,0.03959136138727202,JELD-WEN Holding,0.7634
226,0.10797644014710552,Equifax,0.7614
227,0.0,OneMain Holdings,0.7534
228,0.009357958146082477,Spirit AeroSystems Holdings,0.57
229,8.638115211768442,American Eagle Outfitters,0.8677
230,0.0004059914149531167,Hubbell,0.5772
231,0.004822947659904046,Southwest Gas Holdings,0.4829
232,0.0020875445095107064,Patrick Industries,0.5774
233,0.012237329883338624,Hologic,0.742
234,0.003095324617550358,Spectrum Brands Holdings,0.7593
235,0.0009357958146082478,GMS,0.4559
236,0.006910492169414753,Maximus,0.6987
237,0.04678979073041238,Terex,0.7264
238,0.07918272277454404,Fortinet,0.6366
239,0.0,Bloomin' Brands,0.7719
240,0.004750963366472642,Arista Networks,0.6299
241,0.0051108848336296605,Valmont Industries,0.7419
242,0.002807387443824743,Matson,0.5842
243,0.009142005265788266,Las Vegas Sands,0.8439
244,0.007918272277454404,Bread Financial Holdings,0.8344
245,0.0,Pinnacle West Capital,0.7647
246,0.028793717372561468,Louisiana-Pacific,0.721
247,0.02591434563530532,Public Storage,0.7379
248,0.0007198429343140368,Comfort Systems USA,0.4829
249,0.0,Service Corp. International,0.7688
250,0.013245109991378276,Advantage Solutions,0.855
251,0.04009525144129184,SiteOne Landscape Supply,0.4829
252,0.01727623042353688,Acuity Brands,0.6876
253,0.0,Topgolf Callaway Brands,0.4829
254,0.01670035607608565,Charles River Laboratories International,0.7685
256,0.0006118664941669312,Brown-Forman,0.5623
258,0.38871518452957987,Dentsply Sirona,0.7734
259,0.007198429343140367,Mettler-Toledo International,0.889
260,0.02447465976667725,Atkore,0.7859
261,0.11805424122750202,Country Financial,0.6557
262,0.0017276230423536882,ATI,0.6001
263,0.8782083798631247,Sally Beauty Holdings,0.8455
264,0.0,Dycom Industries,0.6791
265,0.0014396858686280736,ChampionX,0.5992
267,0.295135603068755,Wynn Resorts,0.6647
268,0.01079764401471055,Visteon,0.6428
270,0.6428197403424347,Peloton Interactive,0.8598
271,0.11517486949024587,ResMed,0.603
272,0.19435759226478994,Grocery Outlet Holding,0.5779
273,0.6521776984885173,Cadence Design Systems,0.7641
274,0.015548607381183193,Selective Insurance Group,0.698
275,0.0012237329883338624,MKS Instruments,0.6118
276,0.16988293249811265,Pitney Bowes,0.764
277,0.02785792155795322,Tetra Tech,0.8554
278,0.705446075627756,Copart,0.7626
279,0.05830727767943698,First Horizon,0.5897
280,0.006406602115394926,Vishay Intertechnology,0.6991
281,0.0,Columbia Sportswear,0.5998
282,0.39591361387272017,H&R Block,0.7813
283,0.0014396858686280736,Kaiser Aluminum,0.6629
284,0.0005542790594218083,Fleetcor Technologies,0.4829
285,0.09357958146082476,IDEXX Laboratories,0.7646
286,0.00410310472559001,MRC Global,0.7955
287,0.0,Popular,0.6598
288,0.0004988511534796275,Central Garden & Pet,0.6509
289,0.018499963411870744,Zions Bancorp.,0.7663
291,0.031313167642660594,Designer Brands,0.5999
292,0.00031457136229523405,Donaldson,0.4899
293,3.383261791275973,Cheesecake Factory,0.8606
294,0.006982476462846156,Granite Construction,0.7744
295,0.004822947659904046,TEGNA,0.627
296,2.1235366562264084,Cracker Barrel Old Country Store,0.7808
297,0.0006046680648237908,Western Midstream Partners,0.8577
298,0.0014396858686280736,Magellan Midstream Partners,0.7551
299,0.097898639066709,WeWork,0.5774
301,0.0,G-III Apparel Group,0.8652
302,0.0,Quad/Graphics,0.7269
303,0.2980149748060112,Coinbase Global,0.7691
304,0.0,Vontier,0.8328
305,0.0007112048191022682,Deckers Outdoor,0.6869
306,0.13892968632260908,Alight,0.5941
307,0.626263352853212,Roku,0.7654
308,3.750381687776131,Deere,0.8182
309,1.4828764446869156,Cisco Systems,0.7586
310,0.7126445049708964,Nationwide,0.7699
311,0.011301534068730378,Allstate,0.4829
312,2.4474659766677247,Delta Air Lines,0.7729
313,1.2957172817652662,Liberty Mutual Insurance Group,0.7202
314,2.4330691179814443,TJX,0.7777
315,0.37143895410604294,Progressive,0.7745
316,1.9939649280498817,American Airlines Group,0.7728
317,0.004031120432158606,CHS,0.7161
318,0.004391041899315624,Performance Food Group,0.8005
319,0.0,PBF Energy,0.695
320,27.354031503933395,Nike,0.7729
321,5.902712061375102,Best Buy,0.7674
322,0.10077801080396515,Bristol-Myers Squibb,0.8283
323,1.1445502655593183,United Airlines Holdings,0.4829
324,0.11517486949024587,Thermo Fisher Scientific,0.773
325,1.9939649280498817,Qualcomm,0.7771
326,0.25914345635305325,Abbott Laboratories,0.5808
327,0.8710099505199844,Coca-Cola,0.8712
328,0.004031120432158606,WESCO International,0.6899
329,0.11517486949024587,Murphy USA,0.6764
330,0.016124481728634423,WestRock,0.6321
331,0.021739256616283908,International Paper,0.7888
332,0.12237329883338624,Baker Hughes,0.5775
333,0.04139096872305711,United States Steel,0.5773
334,0.004822947659904046,NextEra Energy,0.7634
335,0.0,Targa Resources,0.4829
336,0.06831309446640209,Lear,0.838
337,0.12237329883338624,Jones Lang LaSalle,0.6529
338,2.231513096373514,Goodyear Tire & Rubber,0.7394
339,0.3455246084707376,Marriott International,0.6683
340,0.008782083798631247,Marsh & McLennan,0.8167
341,0.003239293204413165,Altria Group,0.7671
343,0.05024503681511976,Carrier Global,0.7802
344,0.23034973898049174,Halliburton,0.6591
345,0.014396858686280734,Delek US Holdings,0.6204
346,0.4822947659904046,Kimberly-Clark,0.545
347,0.19435759226478994,Texas Instruments,0.8143
348,0.057155528984534514,Guardian Life Ins. Co. of America,0.6938
349,0.02447465976667725,Jackson Financial,0.4829
350,0.020659492214812857,Fidelity National Information Services,0.5161
351,0.0025914345635305322,Berry Global Group,0.5783
352,0.0,Sempra,0.7688
353,0.046069947796098354,IQVIA Holdings,0.5776
354,0.5038900540198257,O'Reilly Automotive,0.7791
355,0.011661455535887396,Leidos Holdings,0.5783
356,0.10077801080396515,Ameriprise Financial,0.7318
357,0.006046680648237908,Omnicom Group,0.7025
358,0.9861848200102302,Tractor Supply,0.7707
359,0.021811240909715313,Corning,0.5872
360,0.04225478024423396,Ecolab,0.4829
361,0.033472696445602704,Icahn Enterprises,0.4829
362,1.4252890099417928,Farmers Insurance Exchange,0.7672
363,9.357958146082478,Keurig Dr Pepper,0.6628
364,0.045278120568352904,Loews,0.7848
365,0.03793572263834973,Equitable Holdings,0.4829
366,0.04167890589678273,Sonic Automotive,0.7706
367,2.037155504108724,Fox,0.4796
368,0.003095324617550358,News Corp.,0.6935
369,0.13892968632260908,Toll Brothers,0.7605
370,2.6778157156482165,Ulta Beauty,0.5794
371,0.020731476508244258,Assurant,0.7692
372,0.01468479586000635,Weyerhaeuser,0.8652
373,0.01626845031549723,Biogen,0.7503
374,0.020875445095107067,Dana,0.6743
375,0.01605249743520302,UGI,0.4829
376,1.2237329883338623,Chewy,0.5773
377,0.001511670162059477,Owens & Minor,0.6837
378,0.027354031503933396,Quest Diagnostics,0.5773
379,0.0863811521176844,Public Service Enterprise Group,0.4309
380,7.198429343140367,eBay,0.6341
381,0.0038871518452957983,MasTec,0.7747
382,0.017780120477556706,Owens Corning,0.5871
383,0.004678979073041239,Celanese,0.7716
384,0.0018715916292164957,Altice USA,0.8581
385,11.877408416181607,Alaska Air Group,0.5773
386,0.005974696354806504,SpartanNash,0.7809
387,0.0,Diamondback Energy,0.4829
388,0.004175089019021413,First American Financial,0.6829
389,7.198429343140367,Bath & Body Works,0.5772
390,0.21019413681969873,Regions Financial,0.5838
391,0.04391041899315624,Activision Blizzard,0.8329
392,0.003023340324118954,Avantor,0.849
393,0.0863811521176844,Genworth Financial,0.1
394,0.0059027120613751,EQT,0.6066
395,5.513996876845521,Skechers U.S.A.,0.5912
396,0.007918272277454404,Landstar System,0.5928
397,0.11085581188436167,Knight-Swift Transportation Holdings,0.5966
398,0.0,SVB Financial Group,0.6525
399,0.0,Par Pacific Holdings,0.7546
400,0.00295135603068755,Albemarle,0.4829
401,0.0053268377139238715,Vulcan Materials,0.4648
402,0.0,Watsco,0.634
403,0.0,KKR,0.7532
404,0.029081654546287083,Equinix,0.7713
405,0.011877408416181606,Sonoco Products,0.6459
406,0.02339489536520619,ServiceNow,0.772
408,0.10797644014710552,Warner Music Group,0.6911
409,0.5254853420492468,Hyatt Hotels,0.7618
410,0.0002728204721050199,Welltower,0.7592
411,0.06600959707659716,Evergy,0.4829
412,2.3034973898049174,Hasbro,0.6255
413,0.0017276230423536882,NiSource,0.4829
414,0.0015836544554908808,Fortive,0.725
415,0.02058750792138145,American Axle & Manufacturing,0.6215
416,0.02512251840755988,FMC,0.5812
418,0.03699992682374149,Zebra Technologies,0.5806
419,9.357958146082478,Harley-Davidson,0.7803
421,8.638115211768442,Under Armour,0.7116
422,0.0,MDC Holdings,0.4832
423,0.00410310472559001,Broadridge Financial Solutions,0.5772
424,0.030665309001777965,Vertiv Holdings,0.5775
425,0.09357958146082476,Ingles Markets,0.4829
426,0.004750963366472642,Howmet Aerospace,0.7575
427,0.010221769667259321,Sealed Air,0.6273
428,0.02058750792138145,Paychex,0.8081
430,0.0,Rithm Capital,0.8491
431,0.10941612601573358,Snap,0.6045
432,0.00705446075627756,eXp World Holdings,0.8488
433,0.0352723037813878,Stifel Financial,0.7279
434,0.022027193790009524,Illumina,0.695
435,0.001079764401471055,ASGN,0.7736
436,0.0051828691270610645,Penn Mutual Life Insurance,0.5773
437,0.05218861273776766,Generac Holdings,0.5922
438,0.011517486949024588,Atlas Air Worldwide Holdings,0.742
439,15.836544554908807,Domino's Pizza,0.6625
440,0.0352723037813878,Brink's,0.5771
441,0.07198429343140367,Toro,0.4829
442,0.03771976975805553,Century Communities,0.7402
443,0.013101141404515468,Timken,0.4528
444,0.0053268377139238715,Sentry Insurance Group,0.6762
445,7.918272277454403,Western Union,0.7736
446,0.0,BlueLinx Holdings,0.6024
447,0.00431905760588422,Carlyle Group,0.6083
448,0.00410310472559001,H.B. Fuller,0.4829
449,0.0,TransUnion,0.7688
450,0.0,Ares Management,0.8105
451,0.10797644014710552,Hawaiian Electric Industries,0.7668
452,0.010653675427847743,Comerica,0.4829
453,0.012453282763632835,Align Technology,0.6891
454,0.0,Arch Resources,0.8431
455,0.00027138078623639185,Signature Bank,0.7662
456,5.888315202688821,Abercrombie & Fitch,0.4829
457,0.05154075409688503,MSC Industrial Direct,0.7625
458,0.015620591674614596,Trimble,0.755
459,0.008566130918337037,Gray Television,0.6662
460,0.0025194502700991287,Green Plains,0.5824
462,0.14396858686280734,Splunk,0.7567
463,0.046069947796098354,Mercury General,0.5623
464,0.008926052385494055,Ciena,0.5768
466,0.20875445095107065,Akamai Technologies,0.4829
467,0.010725659721279146,Flowserve,0.8137
468,0.011301534068730378,Stewart Information Services,0.5848
471,0.32392932044131656,Energizer Holdings,0.6751
472,0.00647858640882633,Vista Outdoor,0.5098
473,0.00352723037813878,Moog,0.6298
474,0.0016556387489222845,Verisk Analytics,0.8036
475,0.0051108848336296605,FTI Consulting,0.6183
476,0.0,Ensign Group,0.5772
477,0.0015836544554908808,Encore Wire,0.706
479,0.0,Griffon,0.5648
480,0.0016556387489222845,MYR Group,0.5803
481,0.006982476462846156,SkyWest,0.558
482,0.0015836544554908808,ITT,0.6438
484,0.009429942439513882,Waters,0.4829
485,0.0016556387489222845,AdaptHealth,0.4829
486,0.02469061264697146,Sun Communities,0.6626
487,0.002807387443824743,Caleres,0.4829
488,7.198429343140367,Walmart,0.7669
489,2.1595288029421105,Amazon,0.7461
490,10.077801080396513,Exxon Mobil,0.7013
491,0.12813204230789854,UnitedHealth Group,0.8579
492,0.4355049752599922,Costco Wholesale,0.4829
493,0.018715916292164955,Microsoft,0.7643
494,0.01079764401471055,Phillips 66,0.8604
495,0.31817057696680423,Valero Energy,0.8537
496,1.1517486949024587,Ford Motor,0.4829
497,0.009357958146082477,Home Depot,0.7722
498,0.00036280083889427456,General Motors,0.7714
499,0.07918272277454404,Elevance Health,0.4829
500,0.0885406809206265,JPMorgan Chase,0.7479
501,2.0155602160793027,Centene,0.7979
502,0.0059027120613751,Fannie Mae,0.8233
503,3.4552460847073765,Meta Platforms,0.7675
504,0.3145713622952341,Target,0.8504
505,0.7918272277454403,United Parcel Service,0.4829
506,0.3548825666168201,Humana,0.7246
507,0.0005773140333198575,Wells Fargo,0.8384
508,3.3112774978445687,Tesla,0.4829
509,0.4059914149531167,Albertsons,0.7653
510,0.14396858686280734,Goldman Sachs Group,0.8072
511,0.0004491819910119589,Sysco,0.8062
513,0.08710099505199845,Lockheed Martin,0.8653
514,2.0155602160793027,Intel,0.7731
515,0.2137933514912689,TD Synnex,0.7084
516,0.7104849761679543,HCA Healthcare,0.7129
517,0.0033832617912759725,Merck,0.835
519,1.9435759226478992,New York Life Insurance,0.7591
520,0.002231513096373514,Enterprise Products Partners,0.5389
521,27.354031503933395,Plains GP Holdings,0.4829
522,5.902711341532167,Dow,0.5953
523,0.11085581188436167,American Express,0.7533
524,0.010077801080396515,Oracle,0.8076
525,0.06550570702257734,Nucor,0.6283
526,0.15332654500888981,TIAA,0.5799
527,0.002015560216079303,Massachusetts Mutual Life Insurance,0.7704
528,0.0007918272277454404,General Dynamics,0.6663
529,2.375481683236321,Capital One Financial,0.7391
530,0.0215952880294211,HF Sinclair,0.7677
531,0.24042754006088826,USAA,0.7457
532,0.9357958146082478,Honeywell International,0.7374
533,0.10149785373827917,3M,0.4829
534,0.003095324617550358,US Foods Holding,0.1
535,0.42902638885116584,Lennar,0.4901
536,0.02591434563530532,CarMax,0.772
537,0.007918272277454404,Starbucks,0.7723
538,0.19867664987067413,Uber Technologies,0.76
539,0.40527157201880265,Philip Morris International,0.7791
540,0.01079764401471055,Mondelez International,0.8057
541,0.0038151675518643944,Micron Technology,0.6678
542,0.1000581678696511,Visa,0.6714
543,0.2483458123383427,United Natural Foods,0.7569
544,0.004175089019021413,Eli Lilly,0.673
545,0.00863811521176844,Dollar Tree,0.7266
546,0.25914345635305325,Lithia Motors,0.8402
547,10.077801080396513,Cummins,0.7691
549,0.023034973898049177,U.S. Bancorp,0.7372
550,0.018715916292164955,Gilead Sciences,0.663
551,0.005470806300786679,AutoNation,0.7643
552,0.2533847128785409,Amgen,0.6987
553,0.0038871518452957983,EOG Resources,0.682
554,0.035992146715701834,Truist Financial,0.847
555,0.005542790594218082,Macy's,0.4701
556,0.10293753960690726,Union Pacific,0.573
557,0.1993964928049882,C.H. Robinson Worldwide,0.6395
559,0.0005924307349404522,Avnet,0.7718
560,0.015836544554908807,CDW,0.7404
561,0.11877408416181606,PNC Financial Services Group,0.4829
562,0.06766523582551945,Freeport-McMoRan,0.5927
563,0.34336507966779556,Oneok,0.4833
564,0.4239874883109676,Steel Dynamics,0.4829
565,0.22603068137460752,Mastercard,0.6187
566,0.014396858686280734,Sherwin-Williams,0.5772
567,0.47941539425314844,Genuine Parts,0.8007
568,0.19147822052753377,PG&E,0.6779
569,0.2058750792138145,ManpowerGroup,0.63
570,0.14180905805986524,Whirlpool,0.4318
571,0.03023340324118954,Waste Management,0.4829
572,0.04535010486178431,American Electric Power,0.4833
573,0.29081654546287083,Emerson Electric,0.5554
574,0.026634188569619358,Aflac,0.8316
575,0.41247000136194306,Cognizant Technology Solutions,0.609
576,0.05614774887649486,Becton Dickinson,0.5809
577,0.01079764401471055,Moderna,0.5323
578,0.0038151675518643944,DTE Energy,0.589
579,0.0215952880294211,Land O'Lakes,0.5805
580,0.00215952880294211,Devon Energy,0.6682
581,0.02375481683236321,Mosaic,0.4776
582,1.5836544554908807,Exelon,0.8307
583,0.018715916292164955,General Mills,0.6
584,1.9435759226478992,Lincoln National,0.4949
585,0.017996073357850917,Stryker,0.7565
587,0.05470806300786679,Colgate-Palmolive,0.6368
589,0.07918272277454404,PPG Industries,0.6477
590,0.00410310472559001,Synchrony Financial,0.8353
591,0.009357958146082477,Principal Financial,0.8
592,2.8793717372561467,Andersons,0.7323
593,0.10221769667259323,Lam Research,0.6866
594,0.0031673089109817616,Edison International,0.6692
595,0.05470806300786679,Dominion Energy,0.7334
596,0.15188685914026176,Booking Holdings,0.73
597,0.097898639066709,Quanta Services,0.6877
598,0.0017276230423536882,Expeditors Intl. of Washington,0.6076
599,0.0013677015751966698,Live Nation Entertainment,0.8402
600,0.02807387443824743,Automatic Data Processing,0.7723
601,3.5992146715701834,Aramark,0.7612
602,0.0009357958146082478,Thor Industries,0.5812
603,0.4916527241364871,Viatris,0.6341
604,0.2015560216079303,Reinsurance Group of America,0.6693
605,1.1517486949024587,AutoZone,0.4829
606,0.028793717372561468,PulteGroup,0.7525
607,0.002807387443824743,Illinois Tool Works,0.7142
608,0.12525267057064238,Westlake,0.6602
609,0.029513560306875505,Consolidated Edison,0.4829
610,0.02447465976667725,Gap,0.5857
611,0.02015560216079303,Opendoor Technologies,0.7693
612,0.0025194502700991287,Nordstrom,0.7422
613,0.0002130735085569549,Asbury Automotive Group,0.6603
614,0.5038900540198257,Ball,0.5755
615,0.09645895319808091,Xcel Energy,0.5386
616,0.0027354031503933397,W.W. Grainger,0.7615
617,1.3677015751966697,DCP Midstream,0.4829
619,0.03743183258432991,Laboratory Corp. of America,0.8592
620,0.041031047255900094,CSX,0.6323
621,17.276230423536884,J.B. Hunt Transport Services,0.6413
622,0.0011517486949024589,Fluor,0.6884
623,0.014396858686280734,Vistra,0.5514
624,0.05902712061375101,Peter Kiewit Sons',0.7744
625,0.28289827318541644,AECOM,0.7321
626,0.14180905805986524,Pacific Life,0.639
628,0.01511670162059477,MGM Resorts International,0.7449
629,0.053268377139238716,Textron,0.7633
630,0.01727623042353688,Norfolk Southern,0.7963
631,0.005542790594218082,Intuit,0.7916
632,0.11013596895004761,Air Products & Chemicals,0.7988
633,2.15952880294211e-05,Boston Scientific,0.8529
634,0.21307350855695487,AGCO,0.8665
635,0.06766523582551945,Amphenol,0.7614
636,3.8871518452957985,AES,0.5788
638,0.0059027120613751,Ovintiv,0.4829
639,0.013677015751966698,Alcoa,0.7757
640,0.02447465976667725,Wayfair,0.8581
641,0.04535010486178431,Ally Financial,0.5988
642,0.023034973898049177,Liberty Media,0.8274
643,0.001511670162059477,APA,0.6534
644,0.03743183258432991,Qurate Retail,0.7617
645,0.018715916292164955,Avis Budget Group,0.5767
646,0.00022891005311186368,Unum Group,0.576
647,0.10725659721279146,Newmont,0.7672
650,0.006406602115394926,Markel,0.5681
651,1.1517486949024587,Caesars Entertainment,0.5232
652,0.02807387443824743,DaVita,0.7348
653,0.00863811521176844,Univar Solutions,0.5773
654,0.007918272277454404,Auto-Owners Insurance,0.4833
655,0.13892968632260908,CF Industries Holdings,0.7112
656,0.02015560216079303,W.R. Berkley,0.8592
657,0.013677015751966698,Advance Auto Parts,0.7721
658,0.05614774887649486,Williams,0.5778
659,1.2957172817652662,Interpublic Group,0.7805
660,0.0842216233147423,American Tower,0.7056
661,7.198429343140367,Molson Coors Beverage,0.6841
662,0.0023034973898049178,Huntington Ingalls Industries,0.7002
663,0.01727623042353688,NVR,0.7681
664,0.005614774887649486,Insight Enterprises,0.4829
665,0.004247073312452817,Darden Restaurants,0.6493
666,0.0004088707866903728,UFP Industries,0.7574
667,0.03959136138727202,WEC Energy Group,0.5696
668,0.0009357958146082478,Continental Resources,0.71
669,0.2886570166599287,Graphic Packaging Holding,0.6328
670,0.0431905760588422,Fifth Third Bancorp,0.6988
671,0.017996073357850917,Thrivent Financial for Lutherans,0.5775
672,1.0797644014710552,CenterPoint Energy,0.4995
673,0.06334617821963523,Erie Insurance Group,0.5774
674,0.010077801080396515,JetBlue Airways,0.4656
675,0.1432487439284933,Citizens Financial Group,0.7647
676,0.006910492169414753,PVH,0.7011
677,4.822947659904046,Global Payments,0.6984
678,0.006046680648237908,Arconic,0.6027
679,1.1517486949024587,Vertex Pharmaceuticals,0.6704
680,0.01511670162059477,Foot Locker,0.7641
681,1.1517486949024587,Huntsman,0.8672
682,0.004175089019021413,Burlington Stores,0.4829
683,0.025194502700991286,Hertz Global Holdings,0.7276
684,2.7354031503933393e-05,Williams-Sonoma,0.7417
686,0.03023340324118954,CMS Energy,0.7678
687,0.010077801080396515,Blackstone,0.7701
688,0.26202282809030936,Dover,0.7627
689,0.09429942439513882,Packaging Corp. of America,0.7056
690,0.06334617821963523,Airbnb,0.7728
691,0.3253690063099446,Booz Allen Hamilton Holding,0.7604
692,0.05254853420492468,KeyCorp,0.4829
693,0.011517486949024588,ARKO,0.821
694,0.006766523582551945,Lululemon athletica,0.7602
695,0.046069947796098354,Old Republic International,0.9046
696,0.013677015751966698,Zoetis,0.7006
697,0.04750963366472642,Marathon Oil,0.7084
698,0.21091397975401277,Huntington Bancshares,0.5779
699,0.00295135603068755,Ingredion,0.5776
700,0.007198429343140367,Sanmina,0.5771
701,0.002807387443824743,NCR,0.6152
702,0.0051828691270610645,ABM Industries,0.5811
703,0.006334617821963523,Rockwell Automation,0.6753
704,0.02807387443824743,Northern Trust,0.4829
706,0.07270413636571771,Ameren,0.76
707,0.0014396858686280736,NOV,0.593
708,0.002879371737256147,Jefferies Financial Group,0.7594
709,0.006910492169414753,Veritiv,0.6515
710,0.7198429343140367,Antero Resources,0.7724
711,0.06262633528532119,Clorox,0.8192
712,0.01079764401471055,Xerox Holdings,0.611
713,1.1517486949024587e-05,Amkor Technology,0.6586
715,0.0011517486949024589,Electronic Arts,0.6421
717,0.09285973852651074,Fastenal,0.7696
718,0.18787900585596357,MDU Resources Group,0.7689
719,0.1936377493304759,Camping World Holdings,0.5772
720,0.24330691179814443,Anywhere Real Estate,0.8571
721,0.06478586408826331,Agilent Technologies,0.7249
722,0.004175089019021413,Yum Brands,0.7587
723,0.03311277497844569,First Republic Bank,0.6163
724,0.014396858686280734,Tapestry,0.7248
725,0.0026634188569619357,Carlisle,0.7656
726,0.00431905760588422,DoorDash,0.7676
727,0.0006291427245904681,APi Group,0.4959
728,0.4578201062237274,Cincinnati Financial,0.4829
729,2.5194502700991284,Darling Ingredients,0.8345
730,0.0006111466512326171,Patterson,0.7665
731,0.0008638115211768441,T. Rowe Price,0.7143
732,0.0025914345635305322,Martin Marietta Materials,0.7492
733,0.00863811521176844,ADT,0.6553
734,0.13892968632260908,Resideo Technologies,0.6326
735,0.004031120432158606,McCormick,0.7896
736,1.8715916292164956,Victoria's Secret,0.4829
737,0.007198429343140367,Hanesbrands,0.7639
738,0.020875445095107067,Select Medical Holdings,0.7681
739,0.04678979073041238,Concentrix,0.823
740,0.06478586408826331,NetApp,0.7533
741,0.0023034973898049178,Monster Beverage,0.7689
742,0.0705446075627756,Meritage Homes,0.7815
743,0.0016556387489222845,Old Dominion Freight Line,0.4829
744,0.0004189485877707694,Nasdaq,0.4829
745,0.007198429343140367,Intuitive Surgical,0.7594
746,0.10509706840984936,Workday,0.8006
747,0.15980513141771613,Zillow Group,0.7227
748,0.5218861273776766,Coca-Cola Consolidated,0.4855
749,0.0002728204721050199,Pool,0.8501
750,0.06550570702257734,Securian Financial Group,0.6622
751,0.001511670162059477,Levi Strauss,0.5295
752,0.5146876980345363,Petco Health and Wellness,0.7629
753,0.2699411003677638,Compass,0.7569
754,0.03023340324118954,GameStop,0.7717
755,0.09142005265788267,Ingersoll Rand,0.5838
756,0.004750963366472642,Voya Financial,0.7452
757,0.009357958146082477,Kemper,0.7247
759,0.01295717281765266,Xylem,0.7018
760,0.01079764401471055,Palo Alto Networks,0.7618
761,0.015836544554908807,Gartner,0.7426
762,0.137490000453981,Teledyne Technologies,0.6084
763,0.01079764401471055,TransDigm Group,0.5793
764,0.0038871518452957983,Syneos Health,0.8562
765,0.0705446075627756,Edwards Lifesciences,0.8061
766,0.12957172817652662,Church & Dwight,0.8196
767,0.004535010486178432,R.R. Donnelley & Sons,0.6576
768,0.01295717281765266,Coty,0.7144
769,0.0038871518452957983,Juniper Networks,0.6137
770,0.0027354031503933397,Simon Property Group,0.704
771,0.041750890190214135,SS&C Technologies Holdings,0.664
772,0.0020875445095107064,Endeavor Group Holdings,0.687
773,0.0004038318861501746,Yellow,0.7883
774,0.004750963366472642,AMN Healthcare Services,0.7542
775,0.007198429343140367,Worthington Industries,0.8149
776,0.03959136138727202,Regal Rexnord,0.7686
777,0.15620591674614598,LCI Industries,0.8377
778,2.9513560306875506e-05,CUNA Mutual Group,0.5893
779,0.009357958146082477,Super Micro Computer,0.8218
780,0.00028001890144816025,Clean Harbors,0.7902
781,0.10437722547553532,Iron Mountain,0.7465
782,0.004535010486178432,Synopsys,0.7576
783,0.0017996073357850917,Spirit Airlines,0.7685
784,0.004822947659904046,CME Group,0.4829
785,0.0020875445095107064,TopBuild,0.8256
786,0.012237329883338624,Autodesk,0.8568
787,0.01079764401471055,Peabody Energy,0.5935
788,0.0008638115211768441,Kelly Services,0.718
789,0.004463026192747028,Winnebago Industries,0.6078
790,0.0004362248181943063,Tempur Sealy International,0.7023
791,0.14972733033731964,Host Hotels & Resorts,0.7703
792,0.11733439829318798,Encompass Health,0.4829
793,0.0031673089109817616,TriNet Group,0.7766
794,0.00012021377003044412,Snap-on,0.567
795,0.0007198429343140368,Catalent,0.6369
796,0.006910492169414753,EPAM Systems,0.5813
797,0.002447465976667725,Flowers Foods,0.4829
799,7.198429343140367e-07,Urban Outfitters,0.6925
800,0.00705446075627756,Domtar,0.6639
801,0.0215952880294211,Avient,0.7642
802,0.0010077801080396514,Lennox International,0.7451
803,0.0050389005401982575,CrossAmerica Partners,0.7889
804,0.05182869127061064,Weis Markets,0.7691
805,4.750963366472642,Digital Realty Trust,0.6059
806,0.0352723037813878,Calumet Specialty Products Partners,0.6613
807,0.07342397930003175,Marriott Vacations Worldwide,0.7614
808,0.03743183258432991,Qorvo,0.6369
809,0.0049669162467668535,TreeHouse Foods,0.6254
811,0.04678979073041238,Primoris Services,0.8235
812,0.47653602251589233,Elanco Animal Health,0.5593
813,0.004463026192747028,Franchise Group,0.5992
814,0.0046069947796098356,Zoom Video Communications,0.7477
815,0.1432487439284933,FM Global,0.7859
816,0.00863811521176844,Tri Pointe Homes,0.7356
817,0.038871518452957984,Cabot,0.7879
818,0.027354031503933396,Floor & Decor Holdings,0.6807
820,0.007198429343140367,Puget Energy,0.7731
821,0.0011517486949024589,Alliant Energy,0.5789
822,0.0007918272277454404,Atmos Energy,0.5014
823,0.048229476599040456,Parsons,0.7008
824,0.002879371737256147,Liberty Energy,0.5135
825,0.005470806300786679,Range Resources,0.7066
827,0.09933832493533706,M/I Homes,0.7692
828,0.01295717281765266,Ventas,0.5294
829,1.9435759226478992,Alpha Metallurgical Resources,0.6275
830,0.01727623042353688,Lamb Weston Holdings,0.7397
831,0.5737148186482872,Lyft,0.77
832,0.0002929760742658129,GoDaddy,0.773
833,0.015836544554908807,Interactive Brokers Group,0.8225
834,0.02591434563530532,PriceSmart,0.6369
835,0.0005924307349404522,Middleby,0.573
836,0.0053268377139238715,Texas Roadhouse,0.7692
837,4.031120432158605e-05,Mueller Industries,0.6262
838,0.02447465976667725,Cboe Global Markets,0.8606
840,4.391041899315624,MillerKnoll,0.7298
841,0.051108848336296614,Option Care Health,0.6117
842,0.0016556387489222845,Murphy Oil,0.6178
843,0.04678979073041238,Valvoline,0.7627
844,0.20659492214812855,Graham Holdings,0.4829
845,0.0035992146715701835,Scotts Miracle-Gro,0.5642
846,0.7198429343140367,iHeartMedia,0.7714
847,0.295135603068755,AMC Entertainment Holdings,0.7688
848,0.01079764401471055,Conduent,0.6174
849,0.04966916246766853,Navient,0.8147
850,1.079764401471055e-05,Hilton Grand Vacations,0.7314
851,0.10725659721279146,Twilio,0.6438
852,9.861848200102303e-05,Plexus,0.5928
853,0.00027138078623639185,Applied Industrial Technologies,0.7691
854,0.007918272277454404,Brinker International,0.7141
855,0.002375481683236321,American Water Works,0.7718
856,0.14252890099417925,Tutor Perini,0.5146
857,0.00863811521176844,Lincoln Electric Holdings,0.6661
858,0.010077801080396515,A.O. Smith,0.755
859,0.6744928294522524,RH,0.7723
860,3.1673089109817614,CNO Financial Group,0.7475
861,0.06478586408826331,Brown & Brown,0.1
862,0.01511670162059477,Travel + Leisure,0.8522
863,0.0011517486949024589,Boyd Gaming,0.4829
864,0.16988293249811265,Crocs,0.7691
865,0.0017276230423536882,Hyster-Yale Materials Handling,0.7673
867,0.006190649235100716,ScanSource,0.4702
868,0.00863811521176844,Take-Two Interactive Software,0.8606
869,0.08782083798631247,Medical Mutual of Ohio,0.4832
870,0.0014396858686280736,Schnitzer Steel Industries,0.5212
871,0.0036711989650015874,Change Healthcare,0.6406
873,0.00410310472559001,Diebold Nixdorf,0.7571
874,0.0027354031503933397,Incyte,0.4445
875,0.0012237329883338624,OGE Energy,0.5782
878,0.001079764401471055,Euronet Worldwide,0.5819
879,0.0017996073357850917,SM Energy,0.4017
880,3.383261791275973,EnerSys,0.7513
883,0.0046069947796098356,AptarGroup,0.6405
884,0.0006053879077581049,Coherent,0.5763
885,0.0034552460847073765,Cooper Cos.,0.5923
886,0.2980149748060112,Werner Enterprises,0.7693
887,0.00033328727858739895,Entegris,0.7175
888,0.002447465976667725,Annaly Capital Management,0.7388
891,0.32464916337563055,Carter's,0.6352
892,0.0015836544554908808,Match Group,0.706
893,5.326837713923872e-05,IDEX,0.7915
894,0.001511670162059477,Teradyne,0.5853
895,0.001511670162059477,PC Connection,0.7718
896,0.0005549989023561222,Rackspace Technology,0.7087
897,0.0015836544554908808,Boston Properties,0.5863
898,0.02447465976667725,AMC Networks,0.7773
899,0.002807387443824743,Five Below,0.7581
